{"errors":[],"warnings":[],"namedChunkGroups":{"polyfill":{"chunks":[3,11],"assets":["webpack-runtime-e0bd4d9a5b0212a3d817.js","webpack-runtime-e0bd4d9a5b0212a3d817.js.map","polyfill-a0c75589a40cac95b858.js","polyfill-a0c75589a40cac95b858.js.map"],"children":{},"childAssets":{}},"app":{"chunks":[3,10,6],"assets":["webpack-runtime-e0bd4d9a5b0212a3d817.js","webpack-runtime-e0bd4d9a5b0212a3d817.js.map","framework-20608c8612c774da44a6.js","framework-20608c8612c774da44a6.js.map","app-5d611cf85ab5f3c34af8.js","app-5d611cf85ab5f3c34af8.js.map"],"children":{},"childAssets":{}},"component---src-pages-404-js":{"chunks":[1,0,7],"assets":["styles.b10442e23ce6b88799e1.css","styles-e9d24b1846c7d6eb9685.js","styles-e9d24b1846c7d6eb9685.js.map","commons-2ff2d3689f5837e972de.js","commons-2ff2d3689f5837e972de.js.map","component---src-pages-404-js-ef21622bace6ee829bd9.js","component---src-pages-404-js-ef21622bace6ee829bd9.js.map"],"children":{},"childAssets":{}},"component---src-pages-home-js":{"chunks":[1,4,5,0,2,8],"assets":["styles.b10442e23ce6b88799e1.css","styles-e9d24b1846c7d6eb9685.js","styles-e9d24b1846c7d6eb9685.js.map","061e6b60-31b1b96c9bcaf7709005.js","061e6b60-31b1b96c9bcaf7709005.js.map","91472edf-bf16c790c6d486aa4f27.js","91472edf-bf16c790c6d486aa4f27.js.map","commons-2ff2d3689f5837e972de.js","commons-2ff2d3689f5837e972de.js.map","184892ca1d61440366efd99954c69dc86dd1b4ec-e38f8227fc4611f70c21.js","184892ca1d61440366efd99954c69dc86dd1b4ec-e38f8227fc4611f70c21.js.map","component---src-pages-home-js-df39ee61e70571638da1.js","component---src-pages-home-js-df39ee61e70571638da1.js.map"],"children":{},"childAssets":{}},"component---src-pages-index-js":{"chunks":[1,0,2,9],"assets":["styles.b10442e23ce6b88799e1.css","styles-e9d24b1846c7d6eb9685.js","styles-e9d24b1846c7d6eb9685.js.map","commons-2ff2d3689f5837e972de.js","commons-2ff2d3689f5837e972de.js.map","184892ca1d61440366efd99954c69dc86dd1b4ec-e38f8227fc4611f70c21.js","184892ca1d61440366efd99954c69dc86dd1b4ec-e38f8227fc4611f70c21.js.map","component---src-pages-index-js-f74796eff0a9d23c492e.js","component---src-pages-index-js-f74796eff0a9d23c492e.js.map"],"children":{},"childAssets":{}}},"assetsByChunkName":{"polyfill":["webpack-runtime-e0bd4d9a5b0212a3d817.js","polyfill-a0c75589a40cac95b858.js"],"app":["webpack-runtime-e0bd4d9a5b0212a3d817.js","framework-20608c8612c774da44a6.js","app-5d611cf85ab5f3c34af8.js"],"component---src-pages-404-js":["styles.b10442e23ce6b88799e1.css","styles-e9d24b1846c7d6eb9685.js","commons-2ff2d3689f5837e972de.js","component---src-pages-404-js-ef21622bace6ee829bd9.js"],"component---src-pages-home-js":["styles.b10442e23ce6b88799e1.css","styles-e9d24b1846c7d6eb9685.js","061e6b60-31b1b96c9bcaf7709005.js","91472edf-bf16c790c6d486aa4f27.js","commons-2ff2d3689f5837e972de.js","184892ca1d61440366efd99954c69dc86dd1b4ec-e38f8227fc4611f70c21.js","component---src-pages-home-js-df39ee61e70571638da1.js"],"component---src-pages-index-js":["styles.b10442e23ce6b88799e1.css","styles-e9d24b1846c7d6eb9685.js","commons-2ff2d3689f5837e972de.js","184892ca1d61440366efd99954c69dc86dd1b4ec-e38f8227fc4611f70c21.js","component---src-pages-index-js-f74796eff0a9d23c492e.js"]}}